n,skmp,ssa,sfmi
10000,40004,400000,2000050
20000,80004,400000,2000050
30000,120004,400000,2000050
40000,160004,400000,2000050
50000,200004,400000,2000050
60000,240004,400000,2000050
70000,280004,400000,2000050
80000,320004,400000,2000050
90000,360004,400000,2000050
100000,400004,400000,2000050
